[{"fields": {"model": "logentry", "name": "log entry", "app_label": "admin"}, "model": "contenttypes.contenttype", "pk": 1}, {"fields": {"model": "permission", "name": "permission", "app_label": "auth"}, "model": "contenttypes.contenttype", "pk": 2}, {"fields": {"model": "group", "name": "group", "app_label": "auth"}, "model": "contenttypes.contenttype", "pk": 3}, {"fields": {"model": "user", "name": "user", "app_label": "auth"}, "model": "contenttypes.contenttype", "pk": 4}, {"fields": {"model": "contenttype", "name": "content type", "app_label": "contenttypes"}, "model": "contenttypes.contenttype", "pk": 5}, {"fields": {"model": "session", "name": "session", "app_label": "sessions"}, "model": "contenttypes.contenttype", "pk": 6}, {"fields": {"model": "instructor", "name": "instructor", "app_label": "course_search"}, "model": "contenttypes.contenttype", "pk": 7}, {"fields": {"model": "location", "name": "location", "app_label": "course_search"}, "model": "contenttypes.contenttype", "pk": 8}, {"fields": {"model": "subject", "name": "subject", "app_label": "course_search"}, "model": "contenttypes.contenttype", "pk": 9}, {"fields": {"model": "course", "name": "course", "app_label": "course_search"}, "model": "contenttypes.contenttype", "pk": 10}, {"fields": {"model": "offering", "name": "offering", "app_label": "course_search"}, "model": "contenttypes.contenttype", "pk": 11}, {"fields": {"model": "associatedsection", "name": "associated section", "app_label": "course_search"}, "model": "contenttypes.contenttype", "pk": 12}, {"fields": {"model": "evaluation", "name": "evaluation", "app_label": "course_search"}, "model": "contenttypes.contenttype", "pk": 13}, {"fields": {"lname": "Wilson", "fname": "Chris"}, "model": "course_search.instructor", "pk": 1}, {"fields": {"lname": "Young", "fname": "Michal"}, "model": "course_search.instructor", "pk": 2}, {"fields": {"lname": "Engel", "fname": "Steve"}, "model": "course_search.instructor", "pk": 3}, {"fields": {"lname": "Doyle", "fname": "Shannon"}, "model": "course_search.instructor", "pk": 4}, {"fields": {"lname": "Dickey", "fname": "Constance"}, "model": "course_search.instructor", "pk": 5}, {"fields": {"lname": "P", "fname": "Andrezj"}, "model": "course_search.instructor", "pk": 6}, {"fields": {"lname": "Tridbit", "fname": "Anthony"}, "model": "course_search.instructor", "pk": 7}, {"fields": {"lname": "Lombardi", "fname": "Vince"}, "model": "course_search.instructor", "pk": 8}, {"fields": {"lname": "Haynes", "fname": "April"}, "model": "course_search.instructor", "pk": 9}, {"fields": {"lname": "Dennis", "fname": "Matt"}, "model": "course_search.instructor", "pk": 10}, {"fields": {"lname": "Torrence", "fname": "Eric"}, "model": "course_search.instructor", "pk": 11}, {"fields": {"lname": "Botanvick", "fname": "Boris"}, "model": "course_search.instructor", "pk": 12}, {"fields": {"lname": "Pochinski", "fname": "Sasha"}, "model": "course_search.instructor", "pk": 13}, {"fields": {"lname": "Elliot", "fname": "Paul"}, "model": "course_search.instructor", "pk": 14}, {"fields": {"lname": "Ellsworth", "fname": "Daniel"}, "model": "course_search.instructor", "pk": 15}, {"fields": {"lname": "Gonzalo", "fname": "Inaki"}, "model": "course_search.instructor", "pk": 16}, {"fields": {"lname": "Warren", "fname": "Tyrras"}, "model": "course_search.instructor", "pk": 17}, {"fields": {"building": "ED", "room": "75"}, "model": "course_search.location", "pk": 71}, {"fields": {"building": "LIL", "room": "55"}, "model": "course_search.location", "pk": 72}, {"fields": {"building": "LA", "room": "160"}, "model": "course_search.location", "pk": 73}, {"fields": {"building": "DES", "room": "200"}, "model": "course_search.location", "pk": 74}, {"fields": {"building": "FEN", "room": "100"}, "model": "course_search.location", "pk": 75}, {"fields": {"building": "FEN", "room": "205"}, "model": "course_search.location", "pk": 76}, {"fields": {"building": "LLC", "room": "160"}, "model": "course_search.location", "pk": 77}, {"fields": {"building": "ALL", "room": "25"}, "model": "course_search.location", "pk": 78}, {"fields": {"building": "KLA", "room": "26"}, "model": "course_search.location", "pk": 79}, {"fields": {"building": "PAC", "room": "110"}, "model": "course_search.location", "pk": 80}, {"fields": {"building": "GER", "room": "210"}, "model": "course_search.location", "pk": 81}, {"fields": {"subject": "Architecture"}, "model": "course_search.subject", "pk": "ARCH"}, {"fields": {"subject": "General Art"}, "model": "course_search.subject", "pk": "ART"}, {"fields": {"subject": "Business Administration"}, "model": "course_search.subject", "pk": "BA"}, {"fields": {"subject": "Biology"}, "model": "course_search.subject", "pk": "BI"}, {"fields": {"subject": "Computer and Information Science"}, "model": "course_search.subject", "pk": "CIS"}, {"fields": {"subject": "French"}, "model": "course_search.subject", "pk": "FR"}, {"fields": {"subject": "History"}, "model": "course_search.subject", "pk": "HIST"}, {"fields": {"subject": "Mathematics"}, "model": "course_search.subject", "pk": "MATH"}, {"fields": {"subject": "Physics"}, "model": "course_search.subject", "pk": "PHYS"}, {"fields": {"subject": "Spanish"}, "model": "course_search.subject", "pk": "SPAN"}, {"fields": {"subject": "ARCH", "number": 201, "title": "Intro to Architecture"}, "model": "course_search.course", "pk": 1}, {"fields": {"subject": "ARCH", "number": 381, "title": "Architectural Des I"}, "model": "course_search.course", "pk": 2}, {"fields": {"subject": "CIS", "number": 210, "title": "Computer Science I"}, "model": "course_search.course", "pk": 3}, {"fields": {"subject": "CIS", "number": 315, "title": "Data Structures"}, "model": "course_search.course", "pk": 4}, {"fields": {"subject": "CIS", "number": 451, "title": "Databases"}, "model": "course_search.course", "pk": 5}, {"fields": {"subject": "FR", "number": 101, "title": "1st Year French"}, "model": "course_search.course", "pk": 6}, {"fields": {"subject": "FR", "number": 201, "title": "2nd Year French"}, "model": "course_search.course", "pk": 7}, {"fields": {"subject": "BA", "number": 101, "title": "Intro to Business"}, "model": "course_search.course", "pk": 8}, {"fields": {"subject": "BA", "number": 215, "title": "Lang of Bus Decision"}, "model": "course_search.course", "pk": 9}, {"fields": {"subject": "BI", "number": 211, "title": "Gen Biol I: Cells"}, "model": "course_search.course", "pk": 10}, {"fields": {"subject": "BI", "number": 130, "title": "Intro to Ecology"}, "model": "course_search.course", "pk": 11}, {"fields": {"subject": "SPAN", "number": 101, "title": "1st Year Spanish"}, "model": "course_search.course", "pk": 12}, {"fields": {"subject": "SPAN", "number": 201, "title": "2nd Year Spanish"}, "model": "course_search.course", "pk": 13}, {"fields": {"subject": "HIST", "number": 121, "title": "Women in World History"}, "model": "course_search.course", "pk": 14}, {"fields": {"subject": "HIST", "number": 201, "title": "United States"}, "model": "course_search.course", "pk": 15}, {"fields": {"subject": "PHYS", "number": 251, "title": "Foundations of Physics I"}, "model": "course_search.course", "pk": 16}, {"fields": {"subject": "PHYS", "number": 252, "title": "Foundations of Physics II"}, "model": "course_search.course", "pk": 17}, {"fields": {"subject": "PHYS", "number": 253, "title": "Foundations of Physics III"}, "model": "course_search.course", "pk": 18}, {"fields": {"subject": "MATH", "number": 231, "title": "Discrete Math I"}, "model": "course_search.course", "pk": 19}, {"fields": {"subject": "MATH", "number": 315, "title": "Elementary Analysis"}, "model": "course_search.course", "pk": 20}, {"fields": {"subject": "ART", "number": 115, "title": "Surface, Space, & Time"}, "model": "course_search.course", "pk": 21}, {"fields": {"subject": "ART", "number": 116, "title": "Core Interdis Lab"}, "model": "course_search.course", "pk": 22}, {"fields": {"course": 12, "credits": 4, "instructor": 16, "days": "mtwrf", "location": 80}, "model": "course_search.offering", "pk": 1045}, {"fields": {"course": 21, "credits": 4, "instructor": 17, "days": "mwf", "location": 81}, "model": "course_search.offering", "pk": 1157}, {"fields": {"course": 4, "credits": 4, "instructor": 6, "days": "tr", "location": 74}, "model": "course_search.offering", "pk": 1268}, {"fields": {"course": 7, "credits": 4, "instructor": 5, "days": "tr", "location": 80}, "model": "course_search.offering", "pk": 1334}, {"fields": {"course": 20, "credits": 4, "instructor": 13, "days": "wr", "location": 76}, "model": "course_search.offering", "pk": 2504}, {"fields": {"course": 16, "credits": 4, "instructor": 11, "days": "mwf", "location": 79}, "model": "course_search.offering", "pk": 2752}, {"fields": {"course": 8, "credits": 4, "instructor": 7, "days": "m", "location": 72}, "model": "course_search.offering", "pk": 3988}, {"fields": {"course": 19, "credits": 4, "instructor": 12, "days": "tr", "location": 75}, "model": "course_search.offering", "pk": 4105}, {"fields": {"course": 6, "credits": 4, "instructor": 5, "days": "mtw", "location": 80}, "model": "course_search.offering", "pk": 4838}, {"fields": {"course": 14, "credits": 4, "instructor": 10, "days": "mwf", "location": 71}, "model": "course_search.offering", "pk": 4910}, {"fields": {"course": 10, "credits": 4, "instructor": 8, "days": "mwrf", "location": 79}, "model": "course_search.offering", "pk": 5434}, {"fields": {"course": 13, "credits": 4, "instructor": 16, "days": "mtwrf", "location": 80}, "model": "course_search.offering", "pk": 5801}, {"fields": {"course": 3, "credits": 4, "instructor": 2, "days": "mtwr", "location": 77}, "model": "course_search.offering", "pk": 6277}, {"fields": {"course": 9, "credits": 4, "instructor": 9, "days": "wf", "location": 72}, "model": "course_search.offering", "pk": 6591}, {"fields": {"course": 17, "credits": 4, "instructor": 11, "days": "mwf", "location": 79}, "model": "course_search.offering", "pk": 6775}, {"fields": {"course": 22, "credits": 4, "instructor": 17, "days": "tr", "location": 81}, "model": "course_search.offering", "pk": 7354}, {"fields": {"course": 5, "credits": 4, "instructor": 1, "days": "mwf", "location": 78}, "model": "course_search.offering", "pk": 7758}, {"fields": {"course": 2, "credits": 4, "instructor": 4, "days": "mw", "location": 73}, "model": "course_search.offering", "pk": 8613}, {"fields": {"course": 15, "credits": 4, "instructor": 10, "days": "mwf", "location": 71}, "model": "course_search.offering", "pk": 8764}, {"fields": {"course": 4, "credits": 4, "instructor": 1, "days": "mw", "location": 71}, "model": "course_search.offering", "pk": 8909}, {"fields": {"course": 1, "credits": 4, "instructor": 3, "days": "tr", "location": 73}, "model": "course_search.offering", "pk": 9027}, {"fields": {"course": 1, "instructor": 3, "score": 3}, "model": "course_search.evaluation", "pk": 1}, {"fields": {"course": 1, "instructor": 3, "score": 5}, "model": "course_search.evaluation", "pk": 2}, {"fields": {"course": 1, "instructor": 3, "score": 3}, "model": "course_search.evaluation", "pk": 3}, {"fields": {"course": 1, "instructor": 3, "score": 3}, "model": "course_search.evaluation", "pk": 4}, {"fields": {"course": 1, "instructor": 3, "score": 4}, "model": "course_search.evaluation", "pk": 5}, {"fields": {"course": 1, "instructor": 3, "score": 5}, "model": "course_search.evaluation", "pk": 6}, {"fields": {"course": 2, "instructor": 4, "score": 4}, "model": "course_search.evaluation", "pk": 7}, {"fields": {"course": 2, "instructor": 4, "score": 5}, "model": "course_search.evaluation", "pk": 8}, {"fields": {"course": 2, "instructor": 4, "score": 4}, "model": "course_search.evaluation", "pk": 9}, {"fields": {"course": 2, "instructor": 4, "score": 5}, "model": "course_search.evaluation", "pk": 10}, {"fields": {"course": 2, "instructor": 4, "score": 4}, "model": "course_search.evaluation", "pk": 11}, {"fields": {"course": 3, "instructor": 2, "score": 5}, "model": "course_search.evaluation", "pk": 12}, {"fields": {"course": 3, "instructor": 2, "score": 5}, "model": "course_search.evaluation", "pk": 13}, {"fields": {"course": 3, "instructor": 2, "score": 5}, "model": "course_search.evaluation", "pk": 14}, {"fields": {"course": 3, "instructor": 2, "score": 5}, "model": "course_search.evaluation", "pk": 15}, {"fields": {"course": 3, "instructor": 2, "score": 5}, "model": "course_search.evaluation", "pk": 16}, {"fields": {"course": 3, "instructor": 2, "score": 5}, "model": "course_search.evaluation", "pk": 17}, {"fields": {"course": 3, "instructor": 2, "score": 5}, "model": "course_search.evaluation", "pk": 18}, {"fields": {"course": 3, "instructor": 2, "score": 5}, "model": "course_search.evaluation", "pk": 19}, {"fields": {"course": 3, "instructor": 2, "score": 5}, "model": "course_search.evaluation", "pk": 20}, {"fields": {"course": 3, "instructor": 2, "score": 5}, "model": "course_search.evaluation", "pk": 21}, {"fields": {"course": 5, "instructor": 1, "score": 5}, "model": "course_search.evaluation", "pk": 22}, {"fields": {"course": 5, "instructor": 1, "score": 5}, "model": "course_search.evaluation", "pk": 23}, {"fields": {"course": 5, "instructor": 1, "score": 5}, "model": "course_search.evaluation", "pk": 24}, {"fields": {"course": 5, "instructor": 1, "score": 5}, "model": "course_search.evaluation", "pk": 25}, {"fields": {"course": 5, "instructor": 1, "score": 5}, "model": "course_search.evaluation", "pk": 26}, {"fields": {"course": 5, "instructor": 1, "score": 5}, "model": "course_search.evaluation", "pk": 27}, {"fields": {"course": 5, "instructor": 1, "score": 5}, "model": "course_search.evaluation", "pk": 28}, {"fields": {"course": 5, "instructor": 1, "score": 5}, "model": "course_search.evaluation", "pk": 29}, {"fields": {"course": 5, "instructor": 1, "score": 5}, "model": "course_search.evaluation", "pk": 30}, {"fields": {"course": 6, "instructor": 5, "score": 5}, "model": "course_search.evaluation", "pk": 31}, {"fields": {"course": 6, "instructor": 5, "score": 5}, "model": "course_search.evaluation", "pk": 32}, {"fields": {"course": 6, "instructor": 5, "score": 4}, "model": "course_search.evaluation", "pk": 33}, {"fields": {"course": 6, "instructor": 5, "score": 5}, "model": "course_search.evaluation", "pk": 34}, {"fields": {"course": 6, "instructor": 5, "score": 4}, "model": "course_search.evaluation", "pk": 35}, {"fields": {"course": 6, "instructor": 5, "score": 5}, "model": "course_search.evaluation", "pk": 36}, {"fields": {"course": 6, "instructor": 5, "score": 5}, "model": "course_search.evaluation", "pk": 37}, {"fields": {"course": 6, "instructor": 5, "score": 5}, "model": "course_search.evaluation", "pk": 38}, {"fields": {"course": 7, "instructor": 5, "score": 3}, "model": "course_search.evaluation", "pk": 39}, {"fields": {"course": 7, "instructor": 5, "score": 4}, "model": "course_search.evaluation", "pk": 40}, {"fields": {"course": 7, "instructor": 5, "score": 3}, "model": "course_search.evaluation", "pk": 41}, {"fields": {"course": 7, "instructor": 5, "score": 5}, "model": "course_search.evaluation", "pk": 42}, {"fields": {"course": 7, "instructor": 5, "score": 5}, "model": "course_search.evaluation", "pk": 43}, {"fields": {"course": 8, "instructor": 7, "score": 1}, "model": "course_search.evaluation", "pk": 44}, {"fields": {"course": 8, "instructor": 7, "score": 2}, "model": "course_search.evaluation", "pk": 45}, {"fields": {"course": 8, "instructor": 7, "score": 1}, "model": "course_search.evaluation", "pk": 46}, {"fields": {"course": 8, "instructor": 7, "score": 4}, "model": "course_search.evaluation", "pk": 47}, {"fields": {"course": 8, "instructor": 7, "score": 1}, "model": "course_search.evaluation", "pk": 48}, {"fields": {"course": 8, "instructor": 7, "score": 3}, "model": "course_search.evaluation", "pk": 49}, {"fields": {"course": 8, "instructor": 7, "score": 4}, "model": "course_search.evaluation", "pk": 50}, {"fields": {"course": 8, "instructor": 7, "score": 2}, "model": "course_search.evaluation", "pk": 51}, {"fields": {"course": 9, "instructor": 9, "score": 4}, "model": "course_search.evaluation", "pk": 52}, {"fields": {"course": 9, "instructor": 9, "score": 4}, "model": "course_search.evaluation", "pk": 53}, {"fields": {"course": 9, "instructor": 9, "score": 5}, "model": "course_search.evaluation", "pk": 54}, {"fields": {"course": 9, "instructor": 9, "score": 4}, "model": "course_search.evaluation", "pk": 55}, {"fields": {"course": 9, "instructor": 9, "score": 5}, "model": "course_search.evaluation", "pk": 56}, {"fields": {"course": 9, "instructor": 9, "score": 5}, "model": "course_search.evaluation", "pk": 57}, {"fields": {"course": 9, "instructor": 9, "score": 2}, "model": "course_search.evaluation", "pk": 58}, {"fields": {"course": 9, "instructor": 9, "score": 4}, "model": "course_search.evaluation", "pk": 59}, {"fields": {"course": 9, "instructor": 9, "score": 5}, "model": "course_search.evaluation", "pk": 60}, {"fields": {"course": 9, "instructor": 9, "score": 4}, "model": "course_search.evaluation", "pk": 61}, {"fields": {"course": 10, "instructor": 8, "score": 5}, "model": "course_search.evaluation", "pk": 62}, {"fields": {"course": 10, "instructor": 8, "score": 4}, "model": "course_search.evaluation", "pk": 63}, {"fields": {"course": 10, "instructor": 8, "score": 5}, "model": "course_search.evaluation", "pk": 64}, {"fields": {"course": 10, "instructor": 8, "score": 4}, "model": "course_search.evaluation", "pk": 65}, {"fields": {"course": 10, "instructor": 8, "score": 5}, "model": "course_search.evaluation", "pk": 66}, {"fields": {"course": 10, "instructor": 8, "score": 5}, "model": "course_search.evaluation", "pk": 67}, {"fields": {"course": 10, "instructor": 8, "score": 4}, "model": "course_search.evaluation", "pk": 68}, {"fields": {"course": 10, "instructor": 8, "score": 5}, "model": "course_search.evaluation", "pk": 69}, {"fields": {"course": 10, "instructor": 8, "score": 4}, "model": "course_search.evaluation", "pk": 70}, {"fields": {"course": 10, "instructor": 8, "score": 5}, "model": "course_search.evaluation", "pk": 71}, {"fields": {"course": 12, "instructor": 16, "score": 4}, "model": "course_search.evaluation", "pk": 72}, {"fields": {"course": 12, "instructor": 16, "score": 5}, "model": "course_search.evaluation", "pk": 73}, {"fields": {"course": 12, "instructor": 16, "score": 5}, "model": "course_search.evaluation", "pk": 74}, {"fields": {"course": 12, "instructor": 16, "score": 4}, "model": "course_search.evaluation", "pk": 75}, {"fields": {"course": 12, "instructor": 16, "score": 4}, "model": "course_search.evaluation", "pk": 76}, {"fields": {"course": 12, "instructor": 16, "score": 4}, "model": "course_search.evaluation", "pk": 77}, {"fields": {"course": 12, "instructor": 16, "score": 5}, "model": "course_search.evaluation", "pk": 78}, {"fields": {"course": 12, "instructor": 16, "score": 4}, "model": "course_search.evaluation", "pk": 79}, {"fields": {"course": 13, "instructor": 16, "score": 3}, "model": "course_search.evaluation", "pk": 80}, {"fields": {"course": 13, "instructor": 16, "score": 3}, "model": "course_search.evaluation", "pk": 81}, {"fields": {"course": 13, "instructor": 16, "score": 4}, "model": "course_search.evaluation", "pk": 82}, {"fields": {"course": 13, "instructor": 16, "score": 3}, "model": "course_search.evaluation", "pk": 83}, {"fields": {"course": 13, "instructor": 16, "score": 5}, "model": "course_search.evaluation", "pk": 84}, {"fields": {"course": 13, "instructor": 16, "score": 3}, "model": "course_search.evaluation", "pk": 85}, {"fields": {"course": 13, "instructor": 16, "score": 5}, "model": "course_search.evaluation", "pk": 86}, {"fields": {"course": 13, "instructor": 16, "score": 3}, "model": "course_search.evaluation", "pk": 87}, {"fields": {"course": 13, "instructor": 16, "score": 3}, "model": "course_search.evaluation", "pk": 88}, {"fields": {"course": 13, "instructor": 16, "score": 5}, "model": "course_search.evaluation", "pk": 89}, {"fields": {"course": 14, "instructor": 10, "score": 4}, "model": "course_search.evaluation", "pk": 90}, {"fields": {"course": 14, "instructor": 10, "score": 4}, "model": "course_search.evaluation", "pk": 91}, {"fields": {"course": 14, "instructor": 10, "score": 4}, "model": "course_search.evaluation", "pk": 92}, {"fields": {"course": 14, "instructor": 10, "score": 3}, "model": "course_search.evaluation", "pk": 93}, {"fields": {"course": 14, "instructor": 10, "score": 3}, "model": "course_search.evaluation", "pk": 94}, {"fields": {"course": 14, "instructor": 10, "score": 3}, "model": "course_search.evaluation", "pk": 95}, {"fields": {"course": 15, "instructor": 10, "score": 3}, "model": "course_search.evaluation", "pk": 96}, {"fields": {"course": 15, "instructor": 10, "score": 4}, "model": "course_search.evaluation", "pk": 97}, {"fields": {"course": 15, "instructor": 10, "score": 4}, "model": "course_search.evaluation", "pk": 98}, {"fields": {"course": 15, "instructor": 10, "score": 4}, "model": "course_search.evaluation", "pk": 99}, {"fields": {"course": 15, "instructor": 10, "score": 3}, "model": "course_search.evaluation", "pk": 100}, {"fields": {"course": 15, "instructor": 10, "score": 5}, "model": "course_search.evaluation", "pk": 101}, {"fields": {"course": 16, "instructor": 11, "score": 5}, "model": "course_search.evaluation", "pk": 102}, {"fields": {"course": 16, "instructor": 11, "score": 5}, "model": "course_search.evaluation", "pk": 103}, {"fields": {"course": 16, "instructor": 11, "score": 4}, "model": "course_search.evaluation", "pk": 104}, {"fields": {"course": 16, "instructor": 11, "score": 4}, "model": "course_search.evaluation", "pk": 105}, {"fields": {"course": 16, "instructor": 11, "score": 5}, "model": "course_search.evaluation", "pk": 106}, {"fields": {"course": 17, "instructor": 11, "score": 5}, "model": "course_search.evaluation", "pk": 107}, {"fields": {"course": 17, "instructor": 11, "score": 5}, "model": "course_search.evaluation", "pk": 108}, {"fields": {"course": 17, "instructor": 11, "score": 4}, "model": "course_search.evaluation", "pk": 109}, {"fields": {"course": 17, "instructor": 11, "score": 5}, "model": "course_search.evaluation", "pk": 110}, {"fields": {"course": 17, "instructor": 11, "score": 5}, "model": "course_search.evaluation", "pk": 111}, {"fields": {"course": 19, "instructor": 12, "score": 5}, "model": "course_search.evaluation", "pk": 112}, {"fields": {"course": 19, "instructor": 12, "score": 2}, "model": "course_search.evaluation", "pk": 113}, {"fields": {"course": 19, "instructor": 12, "score": 4}, "model": "course_search.evaluation", "pk": 114}, {"fields": {"course": 19, "instructor": 12, "score": 3}, "model": "course_search.evaluation", "pk": 115}, {"fields": {"course": 19, "instructor": 12, "score": 4}, "model": "course_search.evaluation", "pk": 116}, {"fields": {"course": 19, "instructor": 12, "score": 3}, "model": "course_search.evaluation", "pk": 117}, {"fields": {"course": 19, "instructor": 12, "score": 5}, "model": "course_search.evaluation", "pk": 118}, {"fields": {"course": 19, "instructor": 12, "score": 5}, "model": "course_search.evaluation", "pk": 119}, {"fields": {"course": 20, "instructor": 13, "score": 5}, "model": "course_search.evaluation", "pk": 120}, {"fields": {"course": 20, "instructor": 13, "score": 5}, "model": "course_search.evaluation", "pk": 121}, {"fields": {"course": 20, "instructor": 13, "score": 5}, "model": "course_search.evaluation", "pk": 122}, {"fields": {"course": 20, "instructor": 13, "score": 4}, "model": "course_search.evaluation", "pk": 123}, {"fields": {"course": 20, "instructor": 13, "score": 5}, "model": "course_search.evaluation", "pk": 124}, {"fields": {"course": 20, "instructor": 13, "score": 3}, "model": "course_search.evaluation", "pk": 125}, {"fields": {"course": 20, "instructor": 13, "score": 5}, "model": "course_search.evaluation", "pk": 126}, {"fields": {"course": 20, "instructor": 13, "score": 5}, "model": "course_search.evaluation", "pk": 127}, {"fields": {"course": 21, "instructor": 17, "score": 2}, "model": "course_search.evaluation", "pk": 128}, {"fields": {"course": 21, "instructor": 17, "score": 4}, "model": "course_search.evaluation", "pk": 129}, {"fields": {"course": 21, "instructor": 17, "score": 4}, "model": "course_search.evaluation", "pk": 130}, {"fields": {"course": 21, "instructor": 17, "score": 2}, "model": "course_search.evaluation", "pk": 131}, {"fields": {"course": 21, "instructor": 17, "score": 3}, "model": "course_search.evaluation", "pk": 132}, {"fields": {"course": 22, "instructor": 17, "score": 4}, "model": "course_search.evaluation", "pk": 133}, {"fields": {"course": 22, "instructor": 17, "score": 5}, "model": "course_search.evaluation", "pk": 134}, {"fields": {"course": 22, "instructor": 17, "score": 4}, "model": "course_search.evaluation", "pk": 135}, {"fields": {"course": 22, "instructor": 17, "score": 5}, "model": "course_search.evaluation", "pk": 136}, {"fields": {"course": 22, "instructor": 17, "score": 4}, "model": "course_search.evaluation", "pk": 137}, {"fields": {"course": 22, "instructor": 17, "score": 5}, "model": "course_search.evaluation", "pk": 138}, {"fields": {"course": 4, "instructor": 1, "score": 5}, "model": "course_search.evaluation", "pk": 139}, {"fields": {"course": 4, "instructor": 1, "score": 5}, "model": "course_search.evaluation", "pk": 140}, {"fields": {"course": 4, "instructor": 1, "score": 5}, "model": "course_search.evaluation", "pk": 141}, {"fields": {"course": 4, "instructor": 1, "score": 5}, "model": "course_search.evaluation", "pk": 142}, {"fields": {"course": 4, "instructor": 1, "score": 5}, "model": "course_search.evaluation", "pk": 143}, {"fields": {"course": 4, "instructor": 1, "score": 5}, "model": "course_search.evaluation", "pk": 144}, {"fields": {"course": 4, "instructor": 1, "score": 5}, "model": "course_search.evaluation", "pk": 145}, {"fields": {"course": 4, "instructor": 1, "score": 5}, "model": "course_search.evaluation", "pk": 146}, {"fields": {"course": 4, "instructor": 6, "score": 3}, "model": "course_search.evaluation", "pk": 147}, {"fields": {"course": 4, "instructor": 6, "score": 5}, "model": "course_search.evaluation", "pk": 148}, {"fields": {"course": 4, "instructor": 6, "score": 3}, "model": "course_search.evaluation", "pk": 149}, {"fields": {"course": 4, "instructor": 6, "score": 3}, "model": "course_search.evaluation", "pk": 150}, {"fields": {"course": 4, "instructor": 6, "score": 3}, "model": "course_search.evaluation", "pk": 151}, {"fields": {"course": 4, "instructor": 6, "score": 2}, "model": "course_search.evaluation", "pk": 152}, {"fields": {"codename": "add_logentry", "name": "Can add log entry", "content_type": 1}, "model": "auth.permission", "pk": 1}, {"fields": {"codename": "change_logentry", "name": "Can change log entry", "content_type": 1}, "model": "auth.permission", "pk": 2}, {"fields": {"codename": "delete_logentry", "name": "Can delete log entry", "content_type": 1}, "model": "auth.permission", "pk": 3}, {"fields": {"codename": "add_permission", "name": "Can add permission", "content_type": 2}, "model": "auth.permission", "pk": 4}, {"fields": {"codename": "change_permission", "name": "Can change permission", "content_type": 2}, "model": "auth.permission", "pk": 5}, {"fields": {"codename": "delete_permission", "name": "Can delete permission", "content_type": 2}, "model": "auth.permission", "pk": 6}, {"fields": {"codename": "add_group", "name": "Can add group", "content_type": 3}, "model": "auth.permission", "pk": 7}, {"fields": {"codename": "change_group", "name": "Can change group", "content_type": 3}, "model": "auth.permission", "pk": 8}, {"fields": {"codename": "delete_group", "name": "Can delete group", "content_type": 3}, "model": "auth.permission", "pk": 9}, {"fields": {"codename": "add_user", "name": "Can add user", "content_type": 4}, "model": "auth.permission", "pk": 10}, {"fields": {"codename": "change_user", "name": "Can change user", "content_type": 4}, "model": "auth.permission", "pk": 11}, {"fields": {"codename": "delete_user", "name": "Can delete user", "content_type": 4}, "model": "auth.permission", "pk": 12}, {"fields": {"codename": "add_contenttype", "name": "Can add content type", "content_type": 5}, "model": "auth.permission", "pk": 13}, {"fields": {"codename": "change_contenttype", "name": "Can change content type", "content_type": 5}, "model": "auth.permission", "pk": 14}, {"fields": {"codename": "delete_contenttype", "name": "Can delete content type", "content_type": 5}, "model": "auth.permission", "pk": 15}, {"fields": {"codename": "add_session", "name": "Can add session", "content_type": 6}, "model": "auth.permission", "pk": 16}, {"fields": {"codename": "change_session", "name": "Can change session", "content_type": 6}, "model": "auth.permission", "pk": 17}, {"fields": {"codename": "delete_session", "name": "Can delete session", "content_type": 6}, "model": "auth.permission", "pk": 18}, {"fields": {"codename": "add_instructor", "name": "Can add instructor", "content_type": 7}, "model": "auth.permission", "pk": 19}, {"fields": {"codename": "change_instructor", "name": "Can change instructor", "content_type": 7}, "model": "auth.permission", "pk": 20}, {"fields": {"codename": "delete_instructor", "name": "Can delete instructor", "content_type": 7}, "model": "auth.permission", "pk": 21}, {"fields": {"codename": "add_location", "name": "Can add location", "content_type": 8}, "model": "auth.permission", "pk": 22}, {"fields": {"codename": "change_location", "name": "Can change location", "content_type": 8}, "model": "auth.permission", "pk": 23}, {"fields": {"codename": "delete_location", "name": "Can delete location", "content_type": 8}, "model": "auth.permission", "pk": 24}, {"fields": {"codename": "add_subject", "name": "Can add subject", "content_type": 9}, "model": "auth.permission", "pk": 25}, {"fields": {"codename": "change_subject", "name": "Can change subject", "content_type": 9}, "model": "auth.permission", "pk": 26}, {"fields": {"codename": "delete_subject", "name": "Can delete subject", "content_type": 9}, "model": "auth.permission", "pk": 27}, {"fields": {"codename": "add_course", "name": "Can add course", "content_type": 10}, "model": "auth.permission", "pk": 28}, {"fields": {"codename": "change_course", "name": "Can change course", "content_type": 10}, "model": "auth.permission", "pk": 29}, {"fields": {"codename": "delete_course", "name": "Can delete course", "content_type": 10}, "model": "auth.permission", "pk": 30}, {"fields": {"codename": "add_offering", "name": "Can add offering", "content_type": 11}, "model": "auth.permission", "pk": 31}, {"fields": {"codename": "change_offering", "name": "Can change offering", "content_type": 11}, "model": "auth.permission", "pk": 32}, {"fields": {"codename": "delete_offering", "name": "Can delete offering", "content_type": 11}, "model": "auth.permission", "pk": 33}, {"fields": {"codename": "add_associatedsection", "name": "Can add associated section", "content_type": 12}, "model": "auth.permission", "pk": 34}, {"fields": {"codename": "change_associatedsection", "name": "Can change associated section", "content_type": 12}, "model": "auth.permission", "pk": 35}, {"fields": {"codename": "delete_associatedsection", "name": "Can delete associated section", "content_type": 12}, "model": "auth.permission", "pk": 36}, {"fields": {"codename": "add_evaluation", "name": "Can add evaluation", "content_type": 13}, "model": "auth.permission", "pk": 37}, {"fields": {"codename": "change_evaluation", "name": "Can change evaluation", "content_type": 13}, "model": "auth.permission", "pk": 38}, {"fields": {"codename": "delete_evaluation", "name": "Can delete evaluation", "content_type": 13}, "model": "auth.permission", "pk": 39}]